ID,type,title,description,smsrc,largesrc,is_available
1,women,Collection title,"Duo te dico volutpat, unum elit oblique per id. Ne duo mollis sapientem intellegebat. Per at augue vidisse percipit, pri vocibus assueverit interesset ut, no dolore luptatum incorrupte nec. In mentitum forensibus nec, nibh eripuit ut pri, tale illud voluptatum ut sea. Sed oratio repudiare ei, cum an magna labitur, eu atqui augue mei. Pri consul detracto eu, solet nusquam accusam ex vim, an movet interesset necessitatibus mea.",1.jpg,1.jpg,1
2,women,Collection title,"Duo te dico volutpat, unum elit oblique per id. Ne duo mollis sapientem intellegebat. Per at augue vidisse percipit, pri vocibus assueverit interesset ut, no dolore luptatum incorrupte nec. In mentitum forensibus nec, nibh eripuit ut pri, tale illud voluptatum ut sea. Sed oratio repudiare ei, cum an magna labitur, eu atqui augue mei. Pri consul detracto eu, solet nusquam accusam ex vim, an movet interesset necessitatibus mea.",1.jpg,1.jpg,1
3,women,Collection title,"Duo te dico volutpat, unum elit oblique per id. Ne duo mollis sapientem intellegebat. Per at augue vidisse percipit, pri vocibus assueverit interesset ut, no dolore luptatum incorrupte nec. In mentitum forensibus nec, nibh eripuit ut pri, tale illud voluptatum ut sea. Sed oratio repudiare ei, cum an magna labitur, eu atqui augue mei. Pri consul detracto eu, solet nusquam accusam ex vim, an movet interesset necessitatibus mea.",1.jpg,1.jpg,1
4,women,Collection title,"Duo te dico volutpat, unum elit oblique per id. Ne duo mollis sapientem intellegebat. Per at augue vidisse percipit, pri vocibus assueverit interesset ut, no dolore luptatum incorrupte nec. In mentitum forensibus nec, nibh eripuit ut pri, tale illud voluptatum ut sea. Sed oratio repudiare ei, cum an magna labitur, eu atqui augue mei. Pri consul detracto eu, solet nusquam accusam ex vim, an movet interesset necessitatibus mea.",1.jpg,1.jpg,1
5,men,Collection title,"Duo te dico volutpat, unum elit oblique per id. Ne duo mollis sapientem intellegebat. Per at augue vidisse percipit, pri vocibus assueverit interesset ut, no dolore luptatum incorrupte nec. In mentitum forensibus nec, nibh eripuit ut pri, tale illud voluptatum ut sea. Sed oratio repudiare ei, cum an magna labitur, eu atqui augue mei. Pri consul detracto eu, solet nusquam accusam ex vim, an movet interesset necessitatibus mea.",1.jpg,1.jpg,1
6,men,Collection title,"Duo te dico volutpat, unum elit oblique per id. Ne duo mollis sapientem intellegebat. Per at augue vidisse percipit, pri vocibus assueverit interesset ut, no dolore luptatum incorrupte nec. In mentitum forensibus nec, nibh eripuit ut pri, tale illud voluptatum ut sea. Sed oratio repudiare ei, cum an magna labitur, eu atqui augue mei. Pri consul detracto eu, solet nusquam accusam ex vim, an movet interesset necessitatibus mea.",1.jpg,1.jpg,1
7,men,Collection title,"Duo te dico volutpat, unum elit oblique per id. Ne duo mollis sapientem intellegebat. Per at augue vidisse percipit, pri vocibus assueverit interesset ut, no dolore luptatum incorrupte nec. In mentitum forensibus nec, nibh eripuit ut pri, tale illud voluptatum ut sea. Sed oratio repudiare ei, cum an magna labitur, eu atqui augue mei. Pri consul detracto eu, solet nusquam accusam ex vim, an movet interesset necessitatibus mea.",1.jpg,1.jpg,1
8,men,Collection title,"Duo te dico volutpat, unum elit oblique per id. Ne duo mollis sapientem intellegebat. Per at augue vidisse percipit, pri vocibus assueverit interesset ut, no dolore luptatum incorrupte nec. In mentitum forensibus nec, nibh eripuit ut pri, tale illud voluptatum ut sea. Sed oratio repudiare ei, cum an magna labitur, eu atqui augue mei. Pri consul detracto eu, solet nusquam accusam ex vim, an movet interesset necessitatibus mea.",1.jpg,1.jpg,1
9,kids,Collection title,"Duo te dico volutpat, unum elit oblique per id. Ne duo mollis sapientem intellegebat. Per at augue vidisse percipit, pri vocibus assueverit interesset ut, no dolore luptatum incorrupte nec. In mentitum forensibus nec, nibh eripuit ut pri, tale illud voluptatum ut sea. Sed oratio repudiare ei, cum an magna labitur, eu atqui augue mei. Pri consul detracto eu, solet nusquam accusam ex vim, an movet interesset necessitatibus mea.",1.jpg,1.jpg,1
10,kids,Collection title,"Duo te dico volutpat, unum elit oblique per id. Ne duo mollis sapientem intellegebat. Per at augue vidisse percipit, pri vocibus assueverit interesset ut, no dolore luptatum incorrupte nec. In mentitum forensibus nec, nibh eripuit ut pri, tale illud voluptatum ut sea. Sed oratio repudiare ei, cum an magna labitur, eu atqui augue mei. Pri consul detracto eu, solet nusquam accusam ex vim, an movet interesset necessitatibus mea.",1.jpg,1.jpg,1
11,kids,Collection title,"Duo te dico volutpat, unum elit oblique per id. Ne duo mollis sapientem intellegebat. Per at augue vidisse percipit, pri vocibus assueverit interesset ut, no dolore luptatum incorrupte nec. In mentitum forensibus nec, nibh eripuit ut pri, tale illud voluptatum ut sea. Sed oratio repudiare ei, cum an magna labitur, eu atqui augue mei. Pri consul detracto eu, solet nusquam accusam ex vim, an movet interesset necessitatibus mea.",1.jpg,1.jpg,1
12,kids,Collection title,"Duo te dico volutpat, unum elit oblique per id. Ne duo mollis sapientem intellegebat. Per at augue vidisse percipit, pri vocibus assueverit interesset ut, no dolore luptatum incorrupte nec. In mentitum forensibus nec, nibh eripuit ut pri, tale illud voluptatum ut sea. Sed oratio repudiare ei, cum an magna labitur, eu atqui augue mei. Pri consul detracto eu, solet nusquam accusam ex vim, an movet interesset necessitatibus mea.",1.jpg,1.jpg,1
